metric,value
distance_coverage_rate,0.9950821127385708
median_distance_km,431.71698920274895
median_shipping_days,10.217476851851853
distance_shipping_corr,0.39580890707371313
